{
  "$schema": "https://raw.githubusercontent.com/grafana/grafana/master/docs/sources/developers/plugins/plugin.schema.json",
  "type": "datasource",
  "name": "Ksyun Cloud Monitor DataSource",
  "id": "ksc-cloudmonitor-datasource",
  "backend": true,
  "metrics": true,
  "annotations": true,
  "executable": "ksc-monitor-app-backend",
  "routes": [
    {
      "path": "monitor-internal",
      "url": "https://monitor.internal.api.ksyun.com",
      "headers": [
        {
          "name": "Content-Type",
          "content": "application/json"
        }
      ]
    },
    {
      "path": "kec/eu-east-1-internal",
      "url": "http://kec.eu-east-1.internal.api.ksyun.com",
      "headers": [
        {
          "name": "Content-Type",
          "content": "application/json"
        }
      ]
    },
    {
      "path": "kec/cn-hongkong-2-internal",
      "url": "http://kec.cn-hongkong-2.internal.api.ksyun.com",
      "headers": [
        {
          "name": "Content-Type",
          "content": "application/json"
        }
      ]
    },
    {
      "path": "kec/cn-qingdao-1-internal",
      "url": "http://kec.cn-qingdao-1.internal.api.ksyun.com",
      "headers": [
        {
          "name": "Content-Type",
          "content": "application/json"
        }
      ]
    },
    {
      "path": "kec/ap-singapore-1-internal",
      "url": "http://kec.ap-singapore-1.internal.api.ksyun.com",
      "headers": [
        {
          "name": "Content-Type",
          "content": "application/json"
        }
      ]
    },
    {
      "path": "kec/cn-beijing-6-internal",
      "url": "http://kec.cn-beijing-6.internal.api.ksyun.com",
      "headers": [
        {
          "name": "Content-Type",
          "content": "application/json"
        }
      ]
    },
    {
      "path": "kec/cn-guangzhou-1-internal",
      "url": "http://kec.cn-guangzhou-1.internal.api.ksyun.com",
      "headers": [
        {
          "name": "Content-Type",
          "content": "application/json"
        }
      ]
    },
    {
      "path": "kec/cn-shanghai-2-internal",
      "url": "http://kec.cn-shanghai-2.internal.api.ksyun.com",
      "headers": [
        {
          "name": "Content-Type",
          "content": "application/json"
        }
      ]
    },
    {
      "path": "eip/eu-east-1-internal",
      "url": "http://eip.eu-east-1.internal.api.ksyun.com",
      "headers": [
        {
          "name": "Content-Type",
          "content": "application/json"
        }
      ]
    },
    {
      "path": "eip/cn-hongkong-2-internal",
      "url": "http://eip.cn-hongkong-2.internal.api.ksyun.com",
      "headers": [
        {
          "name": "Content-Type",
          "content": "application/json"
        }
      ]
    },
    {
      "path": "eip/cn-qingdao-1-internal",
      "url": "http://eip.cn-qingdao-1.internal.api.ksyun.com",
      "headers": [
        {
          "name": "Content-Type",
          "content": "application/json"
        }
      ]
    },
    {
      "path": "eip/ap-singapore-1-internal",
      "url": "http://eip.ap-singapore-1.internal.api.ksyun.com",
      "headers": [
        {
          "name": "Content-Type",
          "content": "application/json"
        }
      ]
    },
    {
      "path": "eip/cn-beijing-6-internal",
      "url": "http://eip.cn-beijing-6.internal.api.ksyun.com",
      "headers": [
        {
          "name": "Content-Type",
          "content": "application/json"
        }
      ]
    },
    {
      "path": "eip/cn-guangzhou-1-internal",
      "url": "http://eip.cn-guangzhou-1.internal.api.ksyun.com",
      "headers": [
        {
          "name": "Content-Type",
          "content": "application/json"
        }
      ]
    },
    {
      "path": "eip/cn-shanghai-2-internal",
      "url": "http://eip.cn-shanghai-2.internal.api.ksyun.com",
      "headers": [
        {
          "name": "Content-Type",
          "content": "application/json"
        }
      ]
    },
    {
      "path": "vpc/eu-east-1-internal",
      "url": "http://vpc.eu-east-1.internal.api.ksyun.com",
      "headers": [
        {
          "name": "Content-Type",
          "content": "application/json"
        }
      ]
    },
    {
      "path": "vpc/cn-hongkong-2-internal",
      "url": "http://vpc.cn-hongkong-2.internal.api.ksyun.com",
      "headers": [
        {
          "name": "Content-Type",
          "content": "application/json"
        }
      ]
    },
    {
      "path": "vpc/cn-qingdao-1-internal",
      "url": "http://vpc.cn-qingdao-1.internal.api.ksyun.com",
      "headers": [
        {
          "name": "Content-Type",
          "content": "application/json"
        }
      ]
    },
    {
      "path": "vpc/ap-singapore-1-internal",
      "url": "http://vpc.ap-singapore-1.internal.api.ksyun.com",
      "headers": [
        {
          "name": "Content-Type",
          "content": "application/json"
        }
      ]
    },
    {
      "path": "vpc/cn-beijing-6-internal",
      "url": "http://vpc.cn-beijing-6.internal.api.ksyun.com",
      "headers": [
        {
          "name": "Content-Type",
          "content": "application/json"
        }
      ]
    },
    {
      "path": "vpc/cn-guangzhou-1-internal",
      "url": "http://vpc.cn-guangzhou-1.internal.api.ksyun.com",
      "headers": [
        {
          "name": "Content-Type",
          "content": "application/json"
        }
      ]
    },
    {
      "path": "vpc/cn-shanghai-2-internal",
      "url": "http://vpc.cn-shanghai-2.internal.api.ksyun.com",
      "headers": [
        {
          "name": "Content-Type",
          "content": "application/json"
        }
      ]
    },
    {
      "path": "kcs/eu-east-1-internal",
      "url": "http://kcs.eu-east-1.internal.api.ksyun.com",
      "headers": [
        {
          "name": "Content-Type",
          "content": "application/json"
        }
      ]
    },
    {
      "path": "kcs/cn-hongkong-2-internal",
      "url": "http://kcs.cn-hongkong-2.internal.api.ksyun.com",
      "headers": [
        {
          "name": "Content-Type",
          "content": "application/json"
        }
      ]
    },
    {
      "path": "kcs/cn-qingdao-1-internal",
      "url": "http://kcs.cn-qingdao-1.internal.api.ksyun.com",
      "headers": [
        {
          "name": "Content-Type",
          "content": "application/json"
        }
      ]
    },
    {
      "path": "kcs/ap-singapore-1-internal",
      "url": "http://kcs.ap-singapore-1.internal.api.ksyun.com",
      "headers": [
        {
          "name": "Content-Type",
          "content": "application/json"
        }
      ]
    },
    {
      "path": "kcs/cn-beijing-6-internal",
      "url": "http://kcs.cn-beijing-6.internal.api.ksyun.com",
      "headers": [
        {
          "name": "Content-Type",
          "content": "application/json"
        }
      ]
    },
    {
      "path": "kcs/cn-guangzhou-1-internal",
      "url": "http://kcs.cn-guangzhou-1.internal.api.ksyun.com",
      "headers": [
        {
          "name": "Content-Type",
          "content": "application/json"
        }
      ]
    },
    {
      "path": "kcs/cn-shanghai-2-internal",
      "url": "http://kcs.cn-shanghai-2.internal.api.ksyun.com",
      "headers": [
        {
          "name": "Content-Type",
          "content": "application/json"
        }
      ]
    },
    {
      "path": "krds/eu-east-1-internal",
      "url": "http://krds.eu-east-1.internal.api.ksyun.com",
      "headers": [
        {
          "name": "Content-Type",
          "content": "application/json"
        }
      ]
    },
    {
      "path": "krds/cn-hongkong-2-internal",
      "url": "http://krds.cn-hongkong-2.internal.api.ksyun.com",
      "headers": [
        {
          "name": "Content-Type",
          "content": "application/json"
        }
      ]
    },
    {
      "path": "krds/cn-qingdao-1-internal",
      "url": "http://krds.cn-qingdao-1.internal.api.ksyun.com",
      "headers": [
        {
          "name": "Content-Type",
          "content": "application/json"
        }
      ]
    },
    {
      "path": "krds/ap-singapore-1-internal",
      "url": "http://krds.ap-singapore-1.internal.api.ksyun.com",
      "headers": [
        {
          "name": "Content-Type",
          "content": "application/json"
        }
      ]
    },
    {
      "path": "krds/cn-beijing-6-internal",
      "url": "http://krds.cn-beijing-6.internal.api.ksyun.com",
      "headers": [
        {
          "name": "Content-Type",
          "content": "application/json"
        }
      ]
    },
    {
      "path": "krds/cn-guangzhou-1-internal",
      "url": "http://krds.cn-guangzhou-1.internal.api.ksyun.com",
      "headers": [
        {
          "name": "Content-Type",
          "content": "application/json"
        }
      ]
    },
    {
      "path": "krds/cn-shanghai-2-internal",
      "url": "http://krds.cn-shanghai-2.internal.api.ksyun.com",
      "headers": [
        {
          "name": "Content-Type",
          "content": "application/json"
        }
      ]
    },
    {
      "path": "slb/eu-east-1-internal",
      "url": "http://slb.eu-east-1.internal.api.ksyun.com",
      "headers": [
        {
          "name": "Content-Type",
          "content": "application/json"
        }
      ]
    },
    {
      "path": "slb/cn-hongkong-2-internal",
      "url": "http://slb.cn-hongkong-2.internal.api.ksyun.com",
      "headers": [
        {
          "name": "Content-Type",
          "content": "application/json"
        }
      ]
    },
    {
      "path": "slb/cn-qingdao-1-internal",
      "url": "http://slb.cn-qingdao-1.internal.api.ksyun.com",
      "headers": [
        {
          "name": "Content-Type",
          "content": "application/json"
        }
      ]
    },
    {
      "path": "slb/ap-singapore-1-internal",
      "url": "http://slb.ap-singapore-1.internal.api.ksyun.com",
      "headers": [
        {
          "name": "Content-Type",
          "content": "application/json"
        }
      ]
    },
    {
      "path": "slb/cn-beijing-6-internal",
      "url": "http://slb.cn-beijing-6.internal.api.ksyun.com",
      "headers": [
        {
          "name": "Content-Type",
          "content": "application/json"
        }
      ]
    },
    {
      "path": "slb/cn-guangzhou-1-internal",
      "url": "http://slb.cn-guangzhou-1.internal.api.ksyun.com",
      "headers": [
        {
          "name": "Content-Type",
          "content": "application/json"
        }
      ]
    },
    {
      "path": "slb/cn-shanghai-2-internal",
      "url": "http://slb.cn-shanghai-2.internal.api.ksyun.com",
      "headers": [
        {
          "name": "Content-Type",
          "content": "application/json"
        }
      ]
    },
    {
      "path": "bws/eu-east-1-internal",
      "url": "http://bws.eu-east-1.internal.api.ksyun.com",
      "headers": [
        {
          "name": "Content-Type",
          "content": "application/json"
        }
      ]
    },
    {
      "path": "bws/cn-hongkong-2-internal",
      "url": "http://bws.cn-hongkong-2.internal.api.ksyun.com",
      "headers": [
        {
          "name": "Content-Type",
          "content": "application/json"
        }
      ]
    },
    {
      "path": "bws/cn-qingdao-1-internal",
      "url": "http://bws.cn-qingdao-1.internal.api.ksyun.com",
      "headers": [
        {
          "name": "Content-Type",
          "content": "application/json"
        }
      ]
    },
    {
      "path": "bws/ap-singapore-1-internal",
      "url": "http://bws.ap-singapore-1.internal.api.ksyun.com",
      "headers": [
        {
          "name": "Content-Type",
          "content": "application/json"
        }
      ]
    },
    {
      "path": "bws/cn-beijing-6-internal",
      "url": "http://bws.cn-beijing-6.internal.api.ksyun.com",
      "headers": [
        {
          "name": "Content-Type",
          "content": "application/json"
        }
      ]
    },
    {
      "path": "bws/cn-guangzhou-1-internal",
      "url": "http://bws.cn-guangzhou-1.internal.api.ksyun.com",
      "headers": [
        {
          "name": "Content-Type",
          "content": "application/json"
        }
      ]
    },
    {
      "path": "bws/cn-shanghai-2-internal",
      "url": "http://bws.cn-shanghai-2.internal.api.ksyun.com",
      "headers": [
        {
          "name": "Content-Type",
          "content": "application/json"
        }
      ]
    },
    {
      "path": "epc/eu-east-1-internal",
      "url": "http://epc.eu-east-1.internal.api.ksyun.com",
      "headers": [
        {
          "name": "Content-Type",
          "content": "application/json"
        }
      ]
    },
    {
      "path": "epc/cn-hongkong-2-internal",
      "url": "http://epc.cn-hongkong-2.internal.api.ksyun.com",
      "headers": [
        {
          "name": "Content-Type",
          "content": "application/json"
        }
      ]
    },
    {
      "path": "epc/cn-qingdao-1-internal",
      "url": "http://epc.cn-qingdao-1.internal.api.ksyun.com",
      "headers": [
        {
          "name": "Content-Type",
          "content": "application/json"
        }
      ]
    },
    {
      "path": "epc/ap-singapore-1-internal",
      "url": "http://epc.ap-singapore-1.internal.api.ksyun.com",
      "headers": [
        {
          "name": "Content-Type",
          "content": "application/json"
        }
      ]
    },
    {
      "path": "epc/cn-beijing-6-internal",
      "url": "http://epc.cn-beijing-6.internal.api.ksyun.com",
      "headers": [
        {
          "name": "Content-Type",
          "content": "application/json"
        }
      ]
    },
    {
      "path": "epc/cn-guangzhou-1-internal",
      "url": "http://epc.cn-guangzhou-1.internal.api.ksyun.com",
      "headers": [
        {
          "name": "Content-Type",
          "content": "application/json"
        }
      ]
    },
    {
      "path": "epc/cn-shanghai-2-internal",
      "url": "http://epc.cn-shanghai-2.internal.api.ksyun.com",
      "headers": [
        {
          "name": "Content-Type",
          "content": "application/json"
        }
      ]
    },
    {
      "path": "iam-internal",
      "url": "https://iam.internal.api.ksyun.com",
      "headers": [
        {
          "name": "Content-Type",
          "content": "application/json"
        }
      ]
    },
    {
      "path": "kec-internal",
      "url": "https://kec.internal.api.ksyun.com",
      "headers": [
        {
          "name": "Content-Type",
          "content": "application/json"
        }
      ]
    },
    {
      "path": "kec/eu-east-1",
      "url": "http://kec.eu-east-1.api.ksyun.com",
      "headers": [
        {
          "name": "Content-Type",
          "content": "application/json"
        }
      ]
    },
    {
      "path": "kec/cn-hongkong-2",
      "url": "http://kec.cn-hongkong-2.api.ksyun.com",
      "headers": [
        {
          "name": "Content-Type",
          "content": "application/json"
        }
      ]
    },
    {
      "path": "kec/cn-qingdao-1",
      "url": "http://kec.cn-qingdao-1.api.ksyun.com",
      "headers": [
        {
          "name": "Content-Type",
          "content": "application/json"
        }
      ]
    },
    {
      "path": "kec/ap-singapore-1",
      "url": "http://kec.ap-singapore-1.api.ksyun.com",
      "headers": [
        {
          "name": "Content-Type",
          "content": "application/json"
        }
      ]
    },
    {
      "path": "kec/cn-beijing-6",
      "url": "http://kec.cn-beijing-6.api.ksyun.com",
      "headers": [
        {
          "name": "Content-Type",
          "content": "application/json"
        }
      ]
    },
    {
      "path": "kec/cn-guangzhou-1",
      "url": "http://kec.cn-guangzhou-1.api.ksyun.com",
      "headers": [
        {
          "name": "Content-Type",
          "content": "application/json"
        }
      ]
    },
    {
      "path": "kec/cn-shanghai-2",
      "url": "http://kec.cn-shanghai-2.api.ksyun.com",
      "headers": [
        {
          "name": "Content-Type",
          "content": "application/json"
        }
      ]
    },
    {
      "path": "eip/eu-east-1",
      "url": "http://eip.eu-east-1.api.ksyun.com",
      "headers": [
        {
          "name": "Content-Type",
          "content": "application/json"
        }
      ]
    },
    {
      "path": "eip/cn-hongkong-2",
      "url": "http://eip.cn-hongkong-2.api.ksyun.com",
      "headers": [
        {
          "name": "Content-Type",
          "content": "application/json"
        }
      ]
    },
    {
      "path": "eip/cn-qingdao-1",
      "url": "http://eip.cn-qingdao-1.api.ksyun.com",
      "headers": [
        {
          "name": "Content-Type",
          "content": "application/json"
        }
      ]
    },
    {
      "path": "eip/ap-singapore-1",
      "url": "http://eip.ap-singapore-1.api.ksyun.com",
      "headers": [
        {
          "name": "Content-Type",
          "content": "application/json"
        }
      ]
    },
    {
      "path": "eip/cn-beijing-6",
      "url": "http://eip.cn-beijing-6.api.ksyun.com",
      "headers": [
        {
          "name": "Content-Type",
          "content": "application/json"
        }
      ]
    },
    {
      "path": "eip/cn-guangzhou-1",
      "url": "http://eip.cn-guangzhou-1.api.ksyun.com",
      "headers": [
        {
          "name": "Content-Type",
          "content": "application/json"
        }
      ]
    },
    {
      "path": "eip/cn-shanghai-2",
      "url": "http://eip.cn-shanghai-2.api.ksyun.com",
      "headers": [
        {
          "name": "Content-Type",
          "content": "application/json"
        }
      ]
    },
    {
      "path": "vpc/eu-east-1",
      "url": "http://vpc.eu-east-1.api.ksyun.com",
      "headers": [
        {
          "name": "Content-Type",
          "content": "application/json"
        }
      ]
    },
    {
      "path": "vpc/cn-hongkong-2",
      "url": "http://vpc.cn-hongkong-2.api.ksyun.com",
      "headers": [
        {
          "name": "Content-Type",
          "content": "application/json"
        }
      ]
    },
    {
      "path": "vpc/cn-qingdao-1",
      "url": "http://vpc.cn-qingdao-1.api.ksyun.com",
      "headers": [
        {
          "name": "Content-Type",
          "content": "application/json"
        }
      ]
    },
    {
      "path": "vpc/ap-singapore-1",
      "url": "http://vpc.ap-singapore-1.api.ksyun.com",
      "headers": [
        {
          "name": "Content-Type",
          "content": "application/json"
        }
      ]
    },
    {
      "path": "vpc/cn-beijing-6",
      "url": "http://vpc.cn-beijing-6.api.ksyun.com",
      "headers": [
        {
          "name": "Content-Type",
          "content": "application/json"
        }
      ]
    },
    {
      "path": "vpc/cn-guangzhou-1",
      "url": "http://vpc.cn-guangzhou-1.api.ksyun.com",
      "headers": [
        {
          "name": "Content-Type",
          "content": "application/json"
        }
      ]
    },
    {
      "path": "vpc/cn-shanghai-2",
      "url": "http://vpc.cn-shanghai-2.api.ksyun.com",
      "headers": [
        {
          "name": "Content-Type",
          "content": "application/json"
        }
      ]
    },
    {
      "path": "kcs/eu-east-1",
      "url": "http://kcs.eu-east-1.api.ksyun.com",
      "headers": [
        {
          "name": "Content-Type",
          "content": "application/json"
        }
      ]
    },
    {
      "path": "kcs/cn-hongkong-2",
      "url": "http://kcs.cn-hongkong-2.api.ksyun.com",
      "headers": [
        {
          "name": "Content-Type",
          "content": "application/json"
        }
      ]
    },
    {
      "path": "kcs/cn-qingdao-1",
      "url": "http://kcs.cn-qingdao-1.api.ksyun.com",
      "headers": [
        {
          "name": "Content-Type",
          "content": "application/json"
        }
      ]
    },
    {
      "path": "kcs/ap-singapore-1",
      "url": "http://kcs.ap-singapore-1.api.ksyun.com",
      "headers": [
        {
          "name": "Content-Type",
          "content": "application/json"
        }
      ]
    },
    {
      "path": "kcs/cn-beijing-6",
      "url": "http://kcs.cn-beijing-6.api.ksyun.com",
      "headers": [
        {
          "name": "Content-Type",
          "content": "application/json"
        }
      ]
    },
    {
      "path": "kcs/cn-guangzhou-1",
      "url": "http://kcs.cn-guangzhou-1.api.ksyun.com",
      "headers": [
        {
          "name": "Content-Type",
          "content": "application/json"
        }
      ]
    },
    {
      "path": "kcs/cn-shanghai-2",
      "url": "http://kcs.cn-shanghai-2.api.ksyun.com",
      "headers": [
        {
          "name": "Content-Type",
          "content": "application/json"
        }
      ]
    },
    {
      "path": "krds/eu-east-1",
      "url": "http://krds.eu-east-1.api.ksyun.com",
      "headers": [
        {
          "name": "Content-Type",
          "content": "application/json"
        }
      ]
    },
    {
      "path": "krds/cn-hongkong-2",
      "url": "http://krds.cn-hongkong-2.api.ksyun.com",
      "headers": [
        {
          "name": "Content-Type",
          "content": "application/json"
        }
      ]
    },
    {
      "path": "krds/cn-qingdao-1",
      "url": "http://krds.cn-qingdao-1.api.ksyun.com",
      "headers": [
        {
          "name": "Content-Type",
          "content": "application/json"
        }
      ]
    },
    {
      "path": "krds/ap-singapore-1",
      "url": "http://krds.ap-singapore-1.api.ksyun.com",
      "headers": [
        {
          "name": "Content-Type",
          "content": "application/json"
        }
      ]
    },
    {
      "path": "krds/cn-beijing-6",
      "url": "http://krds.cn-beijing-6.api.ksyun.com",
      "headers": [
        {
          "name": "Content-Type",
          "content": "application/json"
        }
      ]
    },
    {
      "path": "krds/cn-guangzhou-1",
      "url": "http://krds.cn-guangzhou-1.api.ksyun.com",
      "headers": [
        {
          "name": "Content-Type",
          "content": "application/json"
        }
      ]
    },
    {
      "path": "krds/cn-shanghai-2",
      "url": "http://krds.cn-shanghai-2.api.ksyun.com",
      "headers": [
        {
          "name": "Content-Type",
          "content": "application/json"
        }
      ]
    },
    {
      "path": "slb/eu-east-1",
      "url": "http://slb.eu-east-1.api.ksyun.com",
      "headers": [
        {
          "name": "Content-Type",
          "content": "application/json"
        }
      ]
    },
    {
      "path": "slb/cn-hongkong-2",
      "url": "http://slb.cn-hongkong-2.api.ksyun.com",
      "headers": [
        {
          "name": "Content-Type",
          "content": "application/json"
        }
      ]
    },
    {
      "path": "slb/cn-qingdao-1",
      "url": "http://slb.cn-qingdao-1.api.ksyun.com",
      "headers": [
        {
          "name": "Content-Type",
          "content": "application/json"
        }
      ]
    },
    {
      "path": "slb/ap-singapore-1",
      "url": "http://slb.ap-singapore-1.api.ksyun.com",
      "headers": [
        {
          "name": "Content-Type",
          "content": "application/json"
        }
      ]
    },
    {
      "path": "slb/cn-beijing-6",
      "url": "http://slb.cn-beijing-6.api.ksyun.com",
      "headers": [
        {
          "name": "Content-Type",
          "content": "application/json"
        }
      ]
    },
    {
      "path": "slb/cn-guangzhou-1",
      "url": "http://slb.cn-guangzhou-1.api.ksyun.com",
      "headers": [
        {
          "name": "Content-Type",
          "content": "application/json"
        }
      ]
    },
    {
      "path": "slb/cn-shanghai-2",
      "url": "http://slb.cn-shanghai-2.api.ksyun.com",
      "headers": [
        {
          "name": "Content-Type",
          "content": "application/json"
        }
      ]
    },
    {
      "path": "bws/eu-east-1",
      "url": "http://bws.eu-east-1.api.ksyun.com",
      "headers": [
        {
          "name": "Content-Type",
          "content": "application/json"
        }
      ]
    },
    {
      "path": "bws/cn-hongkong-2",
      "url": "http://bws.cn-hongkong-2.api.ksyun.com",
      "headers": [
        {
          "name": "Content-Type",
          "content": "application/json"
        }
      ]
    },
    {
      "path": "bws/cn-qingdao-1",
      "url": "http://bws.cn-qingdao-1.api.ksyun.com",
      "headers": [
        {
          "name": "Content-Type",
          "content": "application/json"
        }
      ]
    },
    {
      "path": "bws/ap-singapore-1",
      "url": "http://bws.ap-singapore-1.api.ksyun.com",
      "headers": [
        {
          "name": "Content-Type",
          "content": "application/json"
        }
      ]
    },
    {
      "path": "bws/cn-beijing-6",
      "url": "http://bws.cn-beijing-6.api.ksyun.com",
      "headers": [
        {
          "name": "Content-Type",
          "content": "application/json"
        }
      ]
    },
    {
      "path": "bws/cn-guangzhou-1",
      "url": "http://bws.cn-guangzhou-1.api.ksyun.com",
      "headers": [
        {
          "name": "Content-Type",
          "content": "application/json"
        }
      ]
    },
    {
      "path": "bws/cn-shanghai-2",
      "url": "http://bws.cn-shanghai-2.api.ksyun.com",
      "headers": [
        {
          "name": "Content-Type",
          "content": "application/json"
        }
      ]
    },
    {
      "path": "epc/eu-east-1",
      "url": "http://epc.eu-east-1.api.ksyun.com",
      "headers": [
        {
          "name": "Content-Type",
          "content": "application/json"
        }
      ]
    },
    {
      "path": "epc/cn-hongkong-2",
      "url": "http://epc.cn-hongkong-2.api.ksyun.com",
      "headers": [
        {
          "name": "Content-Type",
          "content": "application/json"
        }
      ]
    },
    {
      "path": "epc/cn-qingdao-1",
      "url": "http://epc.cn-qingdao-1.api.ksyun.com",
      "headers": [
        {
          "name": "Content-Type",
          "content": "application/json"
        }
      ]
    },
    {
      "path": "epc/ap-singapore-1",
      "url": "http://epc.ap-singapore-1.api.ksyun.com",
      "headers": [
        {
          "name": "Content-Type",
          "content": "application/json"
        }
      ]
    },
    {
      "path": "epc/cn-beijing-6",
      "url": "http://epc.cn-beijing-6.api.ksyun.com",
      "headers": [
        {
          "name": "Content-Type",
          "content": "application/json"
        }
      ]
    },
    {
      "path": "epc/cn-guangzhou-1",
      "url": "http://epc.cn-guangzhou-1.api.ksyun.com",
      "headers": [
        {
          "name": "Content-Type",
          "content": "application/json"
        }
      ]
    },
    {
      "path": "epc/cn-shanghai-2",
      "url": "http://epc.cn-shanghai-2.api.ksyun.com",
      "headers": [
        {
          "name": "Content-Type",
          "content": "application/json"
        }
      ]
    },
    {
      "path": "postgresql/eu-east-1",
      "url": "http://postgresql.eu-east-1.api.ksyun.com",
      "headers": [
        {
          "name": "Content-Type",
          "content": "application/json"
        }
      ]
    },
    {
      "path": "postgresql/cn-hongkong-2",
      "url": "http://postgresql.cn-hongkong-2.api.ksyun.com",
      "headers": [
        {
          "name": "Content-Type",
          "content": "application/json"
        }
      ]
    },
    {
      "path": "postgresql/ap-singapore-1",
      "url": "http://postgresql.ap-singapore-1.api.ksyun.com",
      "headers": [
        {
          "name": "Content-Type",
          "content": "application/json"
        }
      ]
    },
    {
      "path": "postgresql/cn-beijing-6",
      "url": "http://postgresql.cn-beijing-6.api.ksyun.com",
      "headers": [
        {
          "name": "Content-Type",
          "content": "application/json"
        }
      ]
    },
    {
      "path": "postgresql/cn-guangzhou-1",
      "url": "http://postgresql.cn-guangzhou-1.api.ksyun.com",
      "headers": [
        {
          "name": "Content-Type",
          "content": "application/json"
        }
      ]
    },
    {
      "path": "postgresql/cn-shanghai-2",
      "url": "http://postgresql.cn-shanghai-2.api.ksyun.com",
      "headers": [
        {
          "name": "Content-Type",
          "content": "application/json"
        }
      ]
    },
    {
      "path": "kce/eu-east-1",
      "url": "http://kce.eu-east-1.api.ksyun.com",
      "headers": [
        {
          "name": "Content-Type",
          "content": "application/json"
        }
      ]
    },
    {
      "path": "kce/cn-hongkong-2",
      "url": "http://kce.cn-hongkong-2.api.ksyun.com",
      "headers": [
        {
          "name": "Content-Type",
          "content": "application/json"
        }
      ]
    },
    {
      "path": "kce/ap-singapore-1",
      "url": "http://kce.ap-singapore-1.api.ksyun.com",
      "headers": [
        {
          "name": "Content-Type",
          "content": "application/json"
        }
      ]
    },
    {
      "path": "kce/cn-beijing-6",
      "url": "http://kce.cn-beijing-6.api.ksyun.com",
      "headers": [
        {
          "name": "Content-Type",
          "content": "application/json"
        }
      ]
    },
    {
      "path": "kce/cn-guangzhou-1",
      "url": "http://kce.cn-guangzhou-1.api.ksyun.com",
      "headers": [
        {
          "name": "Content-Type",
          "content": "application/json"
        }
      ]
    },
    {
      "path": "kce/cn-shanghai-2",
      "url": "http://kce.cn-shanghai-2.api.ksyun.com",
      "headers": [
        {
          "name": "Content-Type",
          "content": "application/json"
        }
      ]
    },
    {
      "path": "monitor",
      "url": "https://monitor.api.ksyun.com",
      "headers": [
        {
          "name": "Content-Type",
          "content": "application/json"
        }
      ]
    },
    {
      "path": "iam",
      "url": "https://iam.api.ksyun.com",
      "headers": [
        {
          "name": "Content-Type",
          "content": "application/json"
        }
      ]
    },
    {
      "path": "kec",
      "url": "https://kec.api.ksyun.com",
      "headers": [
        {
          "name": "Content-Type",
          "content": "application/json"
        }
      ]
    }
  ],
  "info": {
    "description": "Ksyun Cloud Monitor DataSource for Grafana",
    "author": {
      "name": "Ksyun Cloud Monitor",
      "url": ""
    },
    "keywords": ["ksyunclouddatasource"],
    "logos": {
      "small": "img/logo.png",
      "large": "img/logo.png"
    },
    "links": [
      {
        "name": "Website",
        "url": "https://github.com/grafana/grafana-starter-datasource"
      },
      {
        "name": "License",
        "url": "https://github.com/grafana/grafana-starter-datasource/blob/master/LICENSE"
      }
    ],
    "screenshots": [],
    "version": "%VERSION%",
    "updated": "%TODAY%"
  },
  "dependencies": {
    "grafanaDependency": ">=8.0.0",
    "plugins": []
  }
}
